time,send_or_recv,id,communicating_agent
2024-07-26 08:54:18.162117,SEND,35ebdec3-161c-4830-9b89-43e06e5d95b8,scp_Main_Node@localhost
2024-07-26 08:54:18.168381,SEND,e45f9000-d234-4c9a-8ef8-6c6f31b47663,scp_Main_Node@localhost
2024-07-26 08:54:38.175605,RECEIVE,67e107b9-7312-4262-94be-51bdc0b965bc,scp_main_node@localhost
2024-07-26 08:58:52.706721,SEND,b7381571-500f-4684-889a-7f125ebbd669,scp_Main_Node@localhost
2024-07-26 08:59:12.714194,RECEIVE,67635d7c-edb5-4123-b695-aefc89bcc93b,scp_main_node@localhost
2024-07-26 09:00:04.602073,SEND,bd6a4dea-f9a6-4876-96c9-3440612ad16e,scp_Main_Node@localhost
2024-07-26 09:00:04.604076,RECEIVE,67635d7c-edb5-4123-b695-aefc89bcc93b,scp_main_node@localhost
2024-07-26 09:02:54.621423,SEND,83bbb4da-16ff-4112-8b8b-d0935e28c878,scp_Main_Node@localhost
2024-07-26 09:02:54.626315,RECEIVE,8a52ee22-7f98-4878-ab36-4c415b485aec,scp_main_node@localhost
2024-07-26 09:05:55.768891,SEND,4ede86e0-55d9-4252-abc3-38a0b74f18a4,scp_Main_Node@localhost
2024-07-26 09:05:55.772397,RECEIVE,8a52ee22-7f98-4878-ab36-4c415b485aec,scp_main_node@localhost
2024-07-26 09:06:44.826823,SEND,0bccf66d-e3f2-4a30-b164-0ea349d5a2a8,scp_Main_Node@localhost
2024-07-26 09:06:44.829326,RECEIVE,3fbf550a-e710-4f40-aca8-8a94023473c6,scp_main_node@localhost
2024-07-26 09:07:36.920350,SEND,b701a6e4-5eb7-4036-876a-b6fd437a5ccc,scp_Main_Node@localhost
2024-07-26 09:07:36.921351,RECEIVE,3fbf550a-e710-4f40-aca8-8a94023473c6,scp_main_node@localhost
2024-07-26 09:12:33.542336,SEND,7de6fbf2-1db0-4908-bfbb-d95335ffdc27,scp_Main_Node@localhost
2024-07-26 09:12:33.545845,RECEIVE,5a79aefe-b595-4377-b5b6-0346b62d2147,scp_main_node@localhost
2024-07-26 09:13:34.752821,SEND,b029ed61-5039-48f1-81e8-b74b648bae6b,scp_Main_Node@localhost
2024-07-26 09:13:34.754822,RECEIVE,5a79aefe-b595-4377-b5b6-0346b62d2147,scp_main_node@localhost
2024-07-26 09:14:33.341199,SEND,eec0ba40-b6a8-44d5-a6bd-d326efef56df,scp_Main_Node@localhost
2024-07-26 09:14:33.343198,RECEIVE,3008fdac-23f3-41e4-b219-e2f4dd31c7b7,scp_main_node@localhost
2024-07-26 09:15:23.895287,SEND,7ab40f87-7243-4d8b-a91f-1cd305038860,scp_Main_Node@localhost
2024-07-26 09:15:23.896288,RECEIVE,3008fdac-23f3-41e4-b219-e2f4dd31c7b7,scp_main_node@localhost
2024-07-26 09:16:12.640446,SEND,d7b8dea4-0fa9-4889-8e5d-59d635078cab,scp_Main_Node@localhost
2024-07-26 09:16:12.643446,RECEIVE,2d1e4f3e-31ad-43ff-89fb-4f858ca76c8f,scp_main_node@localhost
2024-07-26 09:16:58.995629,SEND,2966fd9a-feb6-4a44-a8bf-fdc2bcc65bd8,scp_Main_Node@localhost
2024-07-26 09:16:58.996629,RECEIVE,2d1e4f3e-31ad-43ff-89fb-4f858ca76c8f,scp_main_node@localhost
2024-07-26 09:19:43.986416,SEND,3bb05574-a058-4a0e-9ad8-feb5ca34edc1,scp_Main_Node@localhost
2024-07-26 09:19:43.989416,RECEIVE,fcfaa358-131f-484b-91a7-5c85adf8052f,scp_main_node@localhost
2024-07-26 09:22:12.533233,SEND,7c8e0aee-e9a3-42b2-9238-284841f79d05,scp_Main_Node@localhost
2024-07-26 09:22:12.536233,RECEIVE,fcfaa358-131f-484b-91a7-5c85adf8052f,scp_main_node@localhost
2024-07-26 09:23:20.403557,SEND,62735f68-8df5-4c6c-90fd-4ade5186b0b7,scp_Main_Node@localhost
2024-07-26 09:23:20.405557,RECEIVE,d701696e-6c23-4fa0-87e3-7afbb6142f67,scp_main_node@localhost
2024-07-26 09:24:05.047053,SEND,d4239342-918b-4f6a-91c5-160db4a08fee,scp_Main_Node@localhost
2024-07-26 09:24:05.048053,RECEIVE,d701696e-6c23-4fa0-87e3-7afbb6142f67,scp_main_node@localhost
2024-07-26 09:24:46.542763,SEND,7bbe2bbe-79ef-4c3e-a4d8-9ef598f6c544,scp_Main_Node@localhost
2024-07-26 09:24:46.546273,RECEIVE,5c53ebd0-d787-4c62-9b47-7e95fdc8c5f5,scp_main_node@localhost
2024-07-26 09:25:33.704840,SEND,5bba0398-044f-4409-93b1-f8587b7d9fab,scp_Main_Node@localhost
2024-07-26 09:25:33.704840,RECEIVE,5c53ebd0-d787-4c62-9b47-7e95fdc8c5f5,scp_main_node@localhost
2024-07-26 09:26:13.435625,SEND,410ade6d-97ea-4535-a810-8092393e8d20,scp_Main_Node@localhost
2024-07-26 09:26:13.438131,RECEIVE,cc009bde-a5c7-4a99-9b7a-f1b80b40215d,scp_main_node@localhost
2024-07-26 09:26:56.408071,SEND,3ab30677-f84d-41b1-8ef6-f7b3523b331f,scp_Main_Node@localhost
2024-07-26 09:26:56.409071,RECEIVE,cc009bde-a5c7-4a99-9b7a-f1b80b40215d,scp_main_node@localhost
2024-07-26 09:27:39.578486,SEND,1cafbf06-9038-4966-a258-2663afee5434,scp_Main_Node@localhost
2024-07-26 09:27:39.580486,RECEIVE,1a9c9ab0-4e5d-456a-b7a4-0762f10a61dc,scp_main_node@localhost
2024-07-26 09:28:27.324326,SEND,42c5209f-e36f-4972-bbe5-3e0a430b63d0,scp_Main_Node@localhost
2024-07-26 09:28:27.325326,RECEIVE,1a9c9ab0-4e5d-456a-b7a4-0762f10a61dc,scp_main_node@localhost
2024-07-26 09:29:17.002802,SEND,d2671f3c-cfb9-40d7-b806-167e3567d0b4,scp_Main_Node@localhost
2024-07-26 09:29:17.006803,RECEIVE,f8bf6ff2-3453-4d3b-9f67-abeab0075121,scp_main_node@localhost
2024-07-26 09:30:03.080958,SEND,bca62cca-b3da-445c-8be3-e1be12f455a1,scp_Main_Node@localhost
2024-07-26 09:30:03.082961,RECEIVE,f8bf6ff2-3453-4d3b-9f67-abeab0075121,scp_main_node@localhost
2024-07-26 09:30:55.430015,SEND,5523b54b-e684-49b1-bbb1-b8b97e931d28,scp_Main_Node@localhost
2024-07-26 09:30:55.434521,RECEIVE,d1eb5cd4-075d-45e1-93ac-f76e9e183dd9,scp_main_node@localhost
2024-07-26 09:31:43.148539,SEND,0860c917-76b9-443b-a9eb-76dca4a98ee3,scp_Main_Node@localhost
2024-07-26 09:31:43.148539,RECEIVE,d1eb5cd4-075d-45e1-93ac-f76e9e183dd9,scp_main_node@localhost
2024-07-26 09:32:33.763163,SEND,e8bc373e-d704-4643-a3ed-deaf23748a96,scp_Main_Node@localhost
2024-07-26 09:32:33.765163,RECEIVE,a9fc492e-fe9e-451d-9395-3f607f8e657c,scp_main_node@localhost
2024-07-26 09:33:24.150642,SEND,4db86c60-fa6f-4b3f-89d8-6f980deddb23,scp_Main_Node@localhost
2024-07-26 09:33:24.152644,RECEIVE,a9fc492e-fe9e-451d-9395-3f607f8e657c,scp_main_node@localhost
2024-07-26 09:34:25.119461,SEND,f70c6260-0d5e-4fbe-997d-62d206ca2bf8,scp_Main_Node@localhost
2024-07-26 09:34:25.128969,RECEIVE,e4a176e9-8ca0-424f-9b05-cc8d3a20b6ba,scp_main_node@localhost
2024-07-26 09:35:17.017784,SEND,bab7196d-d4e3-4cd0-aa23-3e54e299fe0c,scp_Main_Node@localhost
2024-07-26 09:35:17.018784,RECEIVE,e4a176e9-8ca0-424f-9b05-cc8d3a20b6ba,scp_main_node@localhost
2024-07-26 09:36:08.933744,SEND,2d6f2ed7-a2c2-415b-aa98-209042783fd8,scp_Main_Node@localhost
2024-07-26 09:36:08.935247,RECEIVE,b3cbaa01-3f5e-48d2-8d16-4298a0b2c4a7,scp_main_node@localhost
2024-07-26 09:36:57.015737,SEND,95062c60-00e0-47cd-915c-346ed261e7ec,scp_Main_Node@localhost
2024-07-26 09:36:57.015737,RECEIVE,b3cbaa01-3f5e-48d2-8d16-4298a0b2c4a7,scp_main_node@localhost
2024-07-26 09:37:47.908990,SEND,363f2cce-6d81-4800-a4b9-d36bf9614f6d,scp_Main_Node@localhost
2024-07-26 09:37:47.912996,RECEIVE,2f87c89d-a93f-4644-9cb0-6454233fea5b,scp_main_node@localhost
2024-07-26 09:38:41.999983,SEND,d2f3b1d6-ad3d-48e7-bb6b-aec6d8d3647e,scp_Main_Node@localhost
2024-07-26 09:38:41.999983,RECEIVE,2f87c89d-a93f-4644-9cb0-6454233fea5b,scp_main_node@localhost
2024-07-26 09:39:34.859364,SEND,f5c36171-bed0-4345-8f9a-323b844aa19a,scp_Main_Node@localhost
2024-07-26 09:39:34.861364,RECEIVE,9890ac53-0096-4bda-8269-16f550944930,scp_main_node@localhost
2024-07-26 09:40:24.594694,SEND,8bcadfa0-abec-4c9d-8a4e-64de5ade0260,scp_Main_Node@localhost
2024-07-26 09:40:24.595698,RECEIVE,9890ac53-0096-4bda-8269-16f550944930,scp_main_node@localhost
2024-07-26 09:41:15.064637,SEND,9649ad3e-1770-4c9f-bf5a-9b9926214a06,scp_Main_Node@localhost
2024-07-26 09:41:15.068143,RECEIVE,48cf7fd3-7284-43c7-8826-21fa76e38fbc,scp_main_node@localhost
2024-07-26 09:42:03.082844,SEND,f8d6fefa-5a49-4ba4-aa12-cfcb50af9b87,scp_Main_Node@localhost
2024-07-26 09:42:03.083844,RECEIVE,48cf7fd3-7284-43c7-8826-21fa76e38fbc,scp_main_node@localhost
2024-07-26 09:42:50.327790,SEND,6b6e01bd-a267-4489-8f16-0c975a792cb3,scp_Main_Node@localhost
2024-07-26 09:42:50.331794,RECEIVE,9da5d572-ca42-4b03-963e-7b47b4ccea33,scp_main_node@localhost
2024-07-26 09:44:01.459228,SEND,cef508fa-7885-44b1-b407-a28ea6712d6e,scp_Main_Node@localhost
2024-07-26 09:44:01.459228,RECEIVE,9da5d572-ca42-4b03-963e-7b47b4ccea33,scp_main_node@localhost
2024-07-26 09:44:52.397218,SEND,f5f1ab64-075f-4251-bfe6-1e99c2e41eff,scp_Main_Node@localhost
2024-07-26 09:44:52.399218,RECEIVE,d5938f84-9ba3-4353-91b9-183e68e399d5,scp_main_node@localhost
2024-07-26 09:45:38.314162,SEND,ec066bcc-e5a1-4292-83a6-3e53056e590a,scp_Main_Node@localhost
2024-07-26 09:45:38.316162,RECEIVE,d5938f84-9ba3-4353-91b9-183e68e399d5,scp_main_node@localhost
2024-07-26 09:46:24.768835,SEND,00513bb1-4043-4d3e-b5f9-8a6477e29499,scp_Main_Node@localhost
2024-07-26 09:46:24.769835,RECEIVE,f43ef93f-b211-4b3b-8e90-8f6755212243,scp_main_node@localhost
2024-07-26 09:47:13.659534,SEND,61c752ac-3234-42c8-8451-1d07c46b7fc0,scp_Main_Node@localhost
2024-07-26 09:47:13.660534,RECEIVE,f43ef93f-b211-4b3b-8e90-8f6755212243,scp_main_node@localhost
2024-07-26 09:47:59.533199,SEND,967a50de-d69f-4523-aa3b-f921beab91ea,scp_Main_Node@localhost
2024-07-26 09:47:59.534199,RECEIVE,c2e78e69-669a-460a-b286-c581e40c1bd6,scp_main_node@localhost
2024-07-26 09:48:51.207200,SEND,ba0876ac-b6a5-45be-b42a-e27900fdcee6,scp_Main_Node@localhost
2024-07-26 09:48:51.207755,RECEIVE,c2e78e69-669a-460a-b286-c581e40c1bd6,scp_main_node@localhost
2024-07-26 09:49:38.076958,SEND,f09cf1ce-34da-46c7-9b14-d17e1c77d7ef,scp_Main_Node@localhost
2024-07-26 09:49:38.078958,RECEIVE,079c6278-853a-43e4-aed5-3859bcdf3159,scp_main_node@localhost
2024-07-26 09:50:24.323631,SEND,28de3af3-4680-43d9-8a4f-ccfdd0804e79,scp_Main_Node@localhost
2024-07-26 09:50:24.324630,RECEIVE,079c6278-853a-43e4-aed5-3859bcdf3159,scp_main_node@localhost
2024-07-26 09:57:21.387149,SEND,3b2aad51-9519-41fe-b1d3-b53296ea54da,scp_Main_Node@localhost
2024-07-26 09:57:21.389243,RECEIVE,35ab5a2f-b60f-47db-a176-f891904503ea,scp_main_node@localhost
2024-07-26 09:59:39.155592,SEND,d5011ec2-637c-4768-83ef-55e31e657960,scp_Main_Node@localhost
2024-07-26 09:59:39.156593,RECEIVE,35ab5a2f-b60f-47db-a176-f891904503ea,scp_main_node@localhost
2024-07-26 10:00:26.065153,SEND,c42883c8-b470-460b-b088-9506d93c940e,scp_Main_Node@localhost
2024-07-26 10:00:26.069156,RECEIVE,6e08d20a-220c-447c-8442-f7430cf00948,scp_main_node@localhost
2024-07-26 10:01:16.520935,SEND,aa8497a1-85ad-4ab2-865d-37844c995fa1,scp_Main_Node@localhost
2024-07-26 10:01:16.523935,RECEIVE,6e08d20a-220c-447c-8442-f7430cf00948,scp_main_node@localhost
2024-07-26 10:02:03.705058,SEND,8fd8fb40-33ed-496d-98c8-5bebb2284a3a,scp_Main_Node@localhost
2024-07-26 10:02:03.708566,RECEIVE,f50aa12c-5d50-46be-8a55-906960cf3a8f,scp_main_node@localhost
2024-07-26 10:02:52.304207,SEND,9cab850e-e122-4b82-9d42-3e850b0a8260,scp_Main_Node@localhost
2024-07-26 10:02:52.305207,RECEIVE,f50aa12c-5d50-46be-8a55-906960cf3a8f,scp_main_node@localhost
2024-07-26 10:03:42.142779,SEND,1e5f529a-a0e5-4e78-8342-abcf5ea0671b,scp_Main_Node@localhost
2024-07-26 10:03:42.144781,RECEIVE,802ab786-34eb-46b9-b451-69c4f14eea22,scp_main_node@localhost
2024-07-26 10:04:34.309011,SEND,11089278-2280-46ce-b604-4641ddb6728d,scp_Main_Node@localhost
2024-07-26 10:04:34.312010,RECEIVE,802ab786-34eb-46b9-b451-69c4f14eea22,scp_main_node@localhost
2024-07-26 10:05:25.661014,SEND,26ead5d5-cdcb-4897-80a9-5be8f2445e2b,scp_Main_Node@localhost
2024-07-26 10:05:25.666522,RECEIVE,f5adf089-887b-491f-b4e1-438902faaafa,scp_main_node@localhost
2024-07-26 10:06:16.758401,SEND,c916a998-0d81-479a-8b24-876f2d1fdb2b,scp_Main_Node@localhost
2024-07-26 10:06:16.760404,RECEIVE,f5adf089-887b-491f-b4e1-438902faaafa,scp_main_node@localhost
2024-07-26 10:07:07.223040,SEND,244f4b40-c57c-4cf1-ab33-8ac24012e7b8,scp_Main_Node@localhost
2024-07-26 10:07:07.229547,RECEIVE,1cbd0071-16c2-48c1-9f36-e9020b713781,scp_main_node@localhost
2024-07-26 10:09:14.205797,SEND,4ce3973f-2718-43e7-af48-c2d94e159a70,scp_Main_Node@localhost
2024-07-26 10:09:14.205797,RECEIVE,1cbd0071-16c2-48c1-9f36-e9020b713781,scp_main_node@localhost
2024-07-26 10:11:37.100465,SEND,74653124-25f1-448a-8051-35aaf4b57f5a,scp_Main_Node@localhost
2024-07-26 10:11:37.104466,RECEIVE,ae2052d1-38fd-4fed-aec2-f83ee5fc2d75,scp_main_node@localhost
2024-07-26 10:12:28.031319,SEND,a244cf57-b637-4031-8a73-636a054edebb,scp_Main_Node@localhost
2024-07-26 10:12:28.033319,RECEIVE,ae2052d1-38fd-4fed-aec2-f83ee5fc2d75,scp_main_node@localhost
2024-07-26 10:13:15.778908,SEND,bd98d4cc-de5c-4683-8d80-af7b7b1ada89,scp_Main_Node@localhost
2024-07-26 10:13:15.780908,RECEIVE,27a0d40c-5288-41d0-95f5-944d38e2e4dc,scp_main_node@localhost
2024-07-26 10:14:08.948757,SEND,a73033ec-6d36-47e8-a650-6277852ec64a,scp_Main_Node@localhost
2024-07-26 10:14:08.950758,RECEIVE,27a0d40c-5288-41d0-95f5-944d38e2e4dc,scp_main_node@localhost
2024-07-26 10:14:59.993159,SEND,abfd2931-fbb6-406d-969e-055321809399,scp_Main_Node@localhost
2024-07-26 10:14:59.995159,RECEIVE,d2c71683-4a69-41f4-b15d-884b4dd20771,scp_main_node@localhost
2024-07-26 10:15:50.876060,SEND,2b5fc986-3616-4f9d-82f0-5fb3d4c8f0ea,scp_Main_Node@localhost
2024-07-26 10:15:50.877060,RECEIVE,d2c71683-4a69-41f4-b15d-884b4dd20771,scp_main_node@localhost
2024-07-26 10:16:40.982817,SEND,d352f0c5-31c8-4d08-b955-a8d47b24df33,scp_Main_Node@localhost
2024-07-26 10:16:40.988816,RECEIVE,117fd66e-602c-458a-9590-a5d77b3c1f7b,scp_main_node@localhost
2024-07-26 10:17:29.482795,SEND,2a2f321b-822b-448b-99ad-9bd65d8b07e1,scp_Main_Node@localhost
2024-07-26 10:17:29.485796,RECEIVE,117fd66e-602c-458a-9590-a5d77b3c1f7b,scp_main_node@localhost
2024-07-26 10:18:25.269108,SEND,38d75f7f-051d-45ca-b97f-ed2e71e390a9,scp_Main_Node@localhost
2024-07-26 10:18:25.273109,RECEIVE,b49a53fa-c4ea-4534-b334-c02f85d7d130,scp_main_node@localhost
2024-07-26 10:19:16.495547,SEND,83243924-d87a-41e6-8aaa-717c611aacf9,scp_Main_Node@localhost
2024-07-26 10:19:16.496547,RECEIVE,b49a53fa-c4ea-4534-b334-c02f85d7d130,scp_main_node@localhost
2024-07-26 10:20:06.300630,SEND,0ded74ca-c78d-4cf1-8951-a1ae5f23e1e9,scp_Main_Node@localhost
2024-07-26 10:20:06.304630,RECEIVE,4ed17f1e-b42b-4c9f-878c-b931c02a4488,scp_main_node@localhost
2024-07-26 10:20:57.993426,SEND,328c8ae3-f715-45f9-a207-9f6dfb7f182f,scp_Main_Node@localhost
2024-07-26 10:20:57.994930,RECEIVE,4ed17f1e-b42b-4c9f-878c-b931c02a4488,scp_main_node@localhost
2024-07-26 10:21:47.315941,SEND,113c6f09-4bc4-4eed-9aa8-765609a5db7d,scp_Main_Node@localhost
2024-07-26 10:21:47.320941,RECEIVE,121436cc-6a94-460c-9864-ef249c3a53f4,scp_main_node@localhost
2024-07-26 10:22:38.940027,SEND,9edc0245-e5d5-43bd-96be-175dcebcd2dd,scp_Main_Node@localhost
2024-07-26 10:22:38.941027,RECEIVE,121436cc-6a94-460c-9864-ef249c3a53f4,scp_main_node@localhost
2024-07-26 10:23:30.867511,SEND,280787b1-2472-4171-8878-6488ee48ecf8,scp_Main_Node@localhost
2024-07-26 10:23:30.872019,RECEIVE,0be6081d-2a61-4a26-a0e6-d0b442679f15,scp_main_node@localhost
2024-07-26 10:24:27.080835,SEND,ce0c42b4-57d8-41ba-9a70-32a9441e7832,scp_Main_Node@localhost
2024-07-26 10:24:27.082341,RECEIVE,0be6081d-2a61-4a26-a0e6-d0b442679f15,scp_main_node@localhost
2024-07-26 10:29:34.175249,SEND,735b89e9-cb45-4132-93d2-bccb2c60144c,scp_Main_Node@localhost
2024-07-26 10:29:34.177252,RECEIVE,6c733927-56d7-466a-b6fd-6fbcaa764d67,scp_main_node@localhost
2024-07-26 10:30:25.401990,SEND,b24da12b-4cb6-4458-af59-a2228c6dff7b,scp_Main_Node@localhost
2024-07-26 10:30:25.403990,RECEIVE,6c733927-56d7-466a-b6fd-6fbcaa764d67,scp_main_node@localhost
2024-07-26 10:31:13.413858,SEND,376be697-0f08-49c5-8a77-a1d69b5396ab,scp_Main_Node@localhost
2024-07-26 10:31:13.418365,RECEIVE,368297eb-07fb-45c7-b8d1-2c2733ddd7ad,scp_main_node@localhost
2024-07-26 10:32:04.473750,SEND,abfec006-7158-413a-b59d-f43e39996048,scp_Main_Node@localhost
2024-07-26 10:32:04.474750,RECEIVE,368297eb-07fb-45c7-b8d1-2c2733ddd7ad,scp_main_node@localhost
2024-07-26 10:32:58.921189,SEND,7d4f1d08-715f-40ff-9e41-4a742442d6c0,scp_Main_Node@localhost
2024-07-26 10:32:58.924189,RECEIVE,6bacb899-1b25-4265-b83d-bdb9f2b5e932,scp_main_node@localhost
2024-07-26 10:33:51.148455,SEND,24f882a0-7d73-450b-8716-e97a57981fd2,scp_Main_Node@localhost
2024-07-26 10:33:51.149958,RECEIVE,6bacb899-1b25-4265-b83d-bdb9f2b5e932,scp_main_node@localhost
2024-07-26 10:34:42.101911,SEND,818b0e69-2acc-467e-bad7-6dad2aaa1802,scp_Main_Node@localhost
2024-07-26 10:34:42.106919,RECEIVE,feaf77cf-4c05-479e-8ee8-a04b6b37cced,scp_main_node@localhost
2024-07-26 10:35:33.306718,SEND,cc5e1a8c-78a5-4ca2-86c8-3a728b690e4e,scp_Main_Node@localhost
2024-07-26 10:35:33.306718,RECEIVE,feaf77cf-4c05-479e-8ee8-a04b6b37cced,scp_main_node@localhost
2024-07-26 10:40:13.273103,SEND,17764467-e24b-487e-b680-37e6791ca5f4,scp_Main_Node@localhost
2024-07-26 10:40:13.275609,RECEIVE,bc780ba3-b87e-4859-94e2-3a069fc6f074,scp_main_node@localhost
2024-07-26 10:41:16.006629,SEND,f3bd4a12-d409-412b-9244-917addd667b1,scp_Main_Node@localhost
2024-07-26 10:41:16.009139,RECEIVE,bc780ba3-b87e-4859-94e2-3a069fc6f074,scp_main_node@localhost
2024-07-26 10:42:06.147055,SEND,628972ea-13ca-48d0-a4b0-335f0ebb2d63,scp_Main_Node@localhost
2024-07-26 10:42:06.150564,RECEIVE,bd59c6d9-3afe-4a77-8817-90cd8a75343a,scp_main_node@localhost
2024-07-26 10:42:59.498391,SEND,d74a313e-67fc-4aee-856e-c5d85b27f547,scp_Main_Node@localhost
2024-07-26 10:42:59.500894,RECEIVE,bd59c6d9-3afe-4a77-8817-90cd8a75343a,scp_main_node@localhost
2024-07-26 10:44:11.527653,SEND,fe7f6b69-65e8-4e18-b5f5-052f0c9ab010,scp_Main_Node@localhost
2024-07-26 10:44:11.528653,RECEIVE,7e3ae53b-ae0b-4cd3-8e12-742e20290b58,scp_main_node@localhost
2024-07-26 10:45:22.722140,SEND,004fadd7-d8de-4e28-b53d-ec9788073276,scp_Main_Node@localhost
2024-07-26 10:45:22.725140,RECEIVE,7e3ae53b-ae0b-4cd3-8e12-742e20290b58,scp_main_node@localhost
2024-07-26 10:49:12.842844,SEND,3dfb97a6-063a-4f2d-9fc7-9a60eb381804,scp_Main_Node@localhost
2024-07-26 10:49:12.848851,RECEIVE,576828ce-17db-4fa8-a5c8-2bc4aeb0c77c,scp_main_node@localhost
2024-07-26 10:50:21.916562,SEND,5fe02164-24fb-443e-a8eb-69494f89893d,scp_Main_Node@localhost
2024-07-26 10:50:21.920065,RECEIVE,576828ce-17db-4fa8-a5c8-2bc4aeb0c77c,scp_main_node@localhost
2024-07-26 10:51:14.565028,SEND,1f701183-727e-4a48-ae4f-2725800c411d,scp_Main_Node@localhost
2024-07-26 10:51:14.570028,RECEIVE,4f364a93-5c7f-4f31-a3e0-65fc4f7102f2,scp_main_node@localhost
2024-07-26 10:52:11.078090,SEND,2275e259-fb0b-4b32-b0a0-00de08d25563,scp_Main_Node@localhost
2024-07-26 10:52:11.081090,RECEIVE,4f364a93-5c7f-4f31-a3e0-65fc4f7102f2,scp_main_node@localhost
2024-07-26 10:53:00.090000,SEND,da15c3be-73b1-4c73-87d1-02cf7357f5fc,scp_Main_Node@localhost
2024-07-26 10:53:00.091000,RECEIVE,919303a7-d2dc-4231-88a8-c1487325f479,scp_main_node@localhost
2024-07-26 10:53:51.413198,SEND,ca07d385-1634-4d44-8cd2-2c891aba8f3d,scp_Main_Node@localhost
2024-07-26 10:53:51.415198,RECEIVE,919303a7-d2dc-4231-88a8-c1487325f479,scp_main_node@localhost
2024-07-26 10:54:43.391225,SEND,bdb713c5-7671-41e7-b7e8-4eba03eb3d7b,scp_Main_Node@localhost
2024-07-26 10:54:43.395228,RECEIVE,4cdbdcf6-17c0-4c5d-9307-32006272b6cc,scp_main_node@localhost
2024-07-26 10:55:36.069090,SEND,0c4c2110-2ffe-4789-ac1b-fff6aad8f688,scp_Main_Node@localhost
2024-07-26 10:55:36.070089,RECEIVE,4cdbdcf6-17c0-4c5d-9307-32006272b6cc,scp_main_node@localhost
2024-07-26 10:56:26.713474,SEND,cb35d984-025c-489c-9c51-1e3fad755d50,scp_Main_Node@localhost
2024-07-26 10:56:26.716987,RECEIVE,2116442b-1e85-4d67-9253-a1fdd0e8d765,scp_main_node@localhost
2024-07-26 10:57:38.533905,SEND,a9742ca6-b223-4766-aac8-58c2f75941c1,scp_Main_Node@localhost
2024-07-26 10:57:38.533905,RECEIVE,2116442b-1e85-4d67-9253-a1fdd0e8d765,scp_main_node@localhost
2024-07-26 11:03:11.291158,SEND,cd208ae3-cc3d-4e4b-95de-d797b767b617,scp_Main_Node@localhost
2024-07-26 11:03:11.296161,RECEIVE,5e41078f-1834-44af-8c5c-6d78e2e888e7,scp_main_node@localhost
2024-07-26 11:05:34.906369,SEND,0770a72c-6de7-4351-be5d-a3799f12fb06,scp_Main_Node@localhost
2024-07-26 11:05:34.907372,RECEIVE,5e41078f-1834-44af-8c5c-6d78e2e888e7,scp_main_node@localhost
2024-07-26 11:06:35.102437,SEND,bc795a17-1e98-4225-bb4a-5b11acbb9a57,scp_Main_Node@localhost
2024-07-26 11:06:35.104437,RECEIVE,e365a305-22bc-4df7-88f2-cb31d15b3706,scp_main_node@localhost
2024-07-26 11:07:29.318291,SEND,cb0b0526-bb91-4f19-8a5b-4b6a7e2ceba6,scp_Main_Node@localhost
2024-07-26 11:07:29.320796,RECEIVE,e365a305-22bc-4df7-88f2-cb31d15b3706,scp_main_node@localhost
2024-07-26 11:08:23.680720,SEND,487effcb-f2ae-4d58-a2bd-6fdecff623e2,scp_Main_Node@localhost
2024-07-26 11:08:23.687232,RECEIVE,2c418a48-98df-4f9f-aad2-67df7de83303,scp_main_node@localhost
2024-07-26 11:09:20.931197,SEND,6e717c64-094a-4a7e-a8de-c05595bfac86,scp_Main_Node@localhost
2024-07-26 11:09:20.931197,RECEIVE,2c418a48-98df-4f9f-aad2-67df7de83303,scp_main_node@localhost
2024-07-26 11:10:27.846983,SEND,1ba8dca8-ebe7-4573-b3f9-9fa3c1b1e0c3,scp_Main_Node@localhost
2024-07-26 11:10:27.850751,RECEIVE,45d30e96-10e4-4e51-8b0d-fb2d5b287141,scp_main_node@localhost
2024-07-26 11:11:24.506376,SEND,367650d6-1205-4553-bbe8-581ef019b29a,scp_Main_Node@localhost
2024-07-26 11:11:24.508376,RECEIVE,45d30e96-10e4-4e51-8b0d-fb2d5b287141,scp_main_node@localhost
2024-07-26 11:12:25.986234,SEND,ac4e7edc-a71c-431f-a098-e978f03c413b,scp_Main_Node@localhost
2024-07-26 11:12:25.990234,RECEIVE,ce79ccf4-132e-497d-b122-bc24f4a45ac0,scp_main_node@localhost
2024-07-26 11:14:11.439193,SEND,a70d155b-4da0-4b8a-9775-34d38d9a1807,scp_Main_Node@localhost
2024-07-26 11:14:11.442200,RECEIVE,ce79ccf4-132e-497d-b122-bc24f4a45ac0,scp_main_node@localhost
2024-07-26 11:15:06.046087,SEND,a359b00c-2c5c-49d1-92f4-804bbfc16a27,scp_Main_Node@localhost
2024-07-26 11:15:06.048087,RECEIVE,735e7e0f-8e2f-4f41-8907-6d48c54f5bf6,scp_main_node@localhost
2024-07-26 11:15:54.497429,SEND,bb052fcf-589d-4828-93cc-be7758fa9f83,scp_Main_Node@localhost
2024-07-26 11:15:54.499429,RECEIVE,735e7e0f-8e2f-4f41-8907-6d48c54f5bf6,scp_main_node@localhost
2024-07-26 11:16:41.640902,SEND,5431e557-cff5-4f9d-b97d-14a529c42a6a,scp_Main_Node@localhost
2024-07-26 11:16:41.647405,RECEIVE,4d22e26d-db99-4be9-9f3c-2da86ba83653,scp_main_node@localhost
2024-07-26 11:17:29.981151,SEND,5a1032c5-183d-47f2-bdc2-b287ffeeca37,scp_Main_Node@localhost
2024-07-26 11:17:29.983156,RECEIVE,4d22e26d-db99-4be9-9f3c-2da86ba83653,scp_main_node@localhost
2024-07-26 11:18:18.116229,SEND,4f3bdc31-28e8-45d1-ae55-df4431236b14,scp_Main_Node@localhost
2024-07-26 11:18:18.118230,RECEIVE,11b7c75b-46b5-4bd8-865d-a792fa8c61a7,scp_main_node@localhost
2024-07-26 11:20:54.262724,SEND,48919fc0-ad5d-4a4f-8d0d-57970fcb39a3,scp_Main_Node@localhost
2024-07-26 11:20:54.262909,RECEIVE,11b7c75b-46b5-4bd8-865d-a792fa8c61a7,scp_main_node@localhost
2024-07-26 11:26:18.790922,SEND,92e4d6f5-cd48-4b2e-b9d9-6bf2b649e61c,scp_Main_Node@localhost
2024-07-26 11:26:18.791924,RECEIVE,55abe411-e147-4e34-80de-dac552834e67,scp_main_node@localhost
2024-07-26 11:29:50.409757,SEND,0a4af027-76bf-4e9f-912f-e1da5695e2d3,scp_Main_Node@localhost
2024-07-26 11:29:50.412263,RECEIVE,55abe411-e147-4e34-80de-dac552834e67,scp_main_node@localhost
2024-07-26 11:30:32.073298,SEND,a1021b71-08d5-4e60-bd57-17677e6884bf,scp_Main_Node@localhost
2024-07-26 11:30:32.078297,RECEIVE,76e35bf1-126d-4de0-a3c1-4380674fb4a3,scp_main_node@localhost
2024-07-26 11:31:17.398776,SEND,fbccb108-1982-4c13-8775-0f359b06a290,scp_Main_Node@localhost
2024-07-26 11:31:17.401279,RECEIVE,76e35bf1-126d-4de0-a3c1-4380674fb4a3,scp_main_node@localhost
2024-07-26 11:32:06.905910,SEND,9ae5eb61-5e21-43b7-aa66-8e42f4000956,scp_Main_Node@localhost
2024-07-26 11:32:06.909909,RECEIVE,b3b78706-d05e-4b7b-9b7a-eed250502dcb,scp_main_node@localhost
